nDCG,Precision,MRR
0.9576370382900501,0.985,1.0
0.8935248010479825,0.76,1.0
